{
    "agent": "PPO", 
    "batch_size": 4096, 
    "clip_range": 0.3, 
    "ent_coef": 0.03460759636419275, 
    "gae_lambda": 0.95, 
    "gamma": 0.98, 
    "learning_rate": 4.560725702236928e-05, 
    "max_grad_norm": 0.3, 
    "n_epochs": 20, 
    "n_steps": 128, 
    "objective": 1270.2631175033748, 
    "policy": "MlpPolicy", 
    "trial": 1, 
    "vf_coef": 0.5821502101798275
}