{
    "agent": "PPO", 
    "batch_size": 1024, 
    "clip_range": 0.4, 
    "ent_coef": 9.799024961632517e-06, 
    "gae_lambda": 0.9, 
    "gamma": 0.99, 
    "learning_rate": 1.089499872368006e-06, 
    "max_grad_norm": 2, 
    "n_epochs": 1, 
    "n_steps": 8, 
    "objective": 1251.6508170999587, 
    "policy": "MlpPolicy", 
    "trial": 10, 
    "vf_coef": 0.04036456092310671
}