{
    "agent": "PPO", 
    "batch_size": 128, 
    "clip_range": 0.4, 
    "ent_coef": 0.09596234214821017, 
    "gae_lambda": 1.0, 
    "gamma": 0.995, 
    "learning_rate": 1.7650651935924227e-05, 
    "max_grad_norm": 5, 
    "n_epochs": 5, 
    "n_steps": 8, 
    "objective": 1437.1862252280116, 
    "policy": "MlpPolicy", 
    "trial": 12, 
    "vf_coef": 0.22009149978477457
}