{
    "agent": "PPO", 
    "batch_size": 128, 
    "clip_range": 0.4, 
    "ent_coef": 0.0021266940512982423, 
    "gae_lambda": 1.0, 
    "gamma": 0.995, 
    "learning_rate": 3.718850797513587e-05, 
    "max_grad_norm": 5, 
    "n_epochs": 20, 
    "n_steps": 16, 
    "objective": 1266.429696470499, 
    "policy": "MlpPolicy", 
    "trial": 13, 
    "vf_coef": 0.20111150299629316
}