{
    "agent": "PPO", 
    "batch_size": 128, 
    "clip_range": 0.4, 
    "ent_coef": 9.781316635542516e-06, 
    "gae_lambda": 1.0, 
    "gamma": 0.995, 
    "learning_rate": 1.6192668024710185e-05, 
    "max_grad_norm": 0.7, 
    "n_epochs": 20, 
    "n_steps": 64, 
    "objective": 1251.7503386512399, 
    "policy": "MlpPolicy", 
    "trial": 14, 
    "vf_coef": 0.23909215300583547
}