{
    "agent": "PPO", 
    "batch_size": 1024, 
    "clip_range": 0.4, 
    "ent_coef": 3.961483671701052e-07, 
    "gae_lambda": 0.9, 
    "gamma": 0.99, 
    "learning_rate": 0.0006771630922390065, 
    "max_grad_norm": 0.6, 
    "n_epochs": 1, 
    "n_steps": 64, 
    "objective": 1273.4972401671112, 
    "policy": "MlpPolicy", 
    "trial": 17, 
    "vf_coef": 0.10799719196427038
}