{
    "agent": "PPO", 
    "batch_size": 1024, 
    "clip_range": 0.2, 
    "ent_coef": 1.9538022008663417e-06, 
    "gae_lambda": 0.9, 
    "gamma": 0.99, 
    "learning_rate": 7.527903458019042e-05, 
    "max_grad_norm": 2, 
    "n_epochs": 10, 
    "n_steps": 8, 
    "objective": 1564.2065582089126, 
    "policy": "MlpPolicy", 
    "trial": 26, 
    "vf_coef": 0.559733719576085
}