{
    "agent": "PPO", 
    "batch_size": 1024, 
    "clip_range": 0.2, 
    "ent_coef": 6.838936369998522e-08, 
    "gae_lambda": 0.92, 
    "gamma": 0.99, 
    "learning_rate": 0.00014655786439598078, 
    "max_grad_norm": 2, 
    "n_epochs": 10, 
    "n_steps": 32, 
    "objective": 1254.7842542864382, 
    "policy": "MlpPolicy", 
    "trial": 28, 
    "vf_coef": 0.6540322163705824
}