{
    "agent": "PPO", 
    "batch_size": 8192, 
    "clip_range": 0.2, 
    "ent_coef": 2.0849601203828406e-05, 
    "gae_lambda": 0.98, 
    "gamma": 0.999, 
    "learning_rate": 5.2409124073360106e-05, 
    "max_grad_norm": 0.5, 
    "n_epochs": 10, 
    "n_steps": 256, 
    "objective": 1251.687581576407, 
    "policy": "MlpPolicy", 
    "trial": 29, 
    "vf_coef": 0.5050279570364442
}