{
    "agent": "PPO", 
    "batch_size": 512, 
    "clip_range": 0.3, 
    "ent_coef": 0.00011476657707953461, 
    "gae_lambda": 0.92, 
    "gamma": 0.9999, 
    "learning_rate": 2.8591712333521705e-05, 
    "max_grad_norm": 5, 
    "n_epochs": 5, 
    "n_steps": 512, 
    "objective": 1251.7136246934533, 
    "policy": "MlpPolicy", 
    "trial": 3, 
    "vf_coef": 0.8148554885413269
}