{
    "agent": "PPO", 
    "batch_size": 4096, 
    "clip_range": 0.2, 
    "ent_coef": 8.317287135396302e-07, 
    "gae_lambda": 0.99, 
    "gamma": 0.95, 
    "learning_rate": 2.378924098791427e-05, 
    "max_grad_norm": 2, 
    "n_epochs": 10, 
    "n_steps": 8, 
    "objective": 1508.602848187089, 
    "policy": "MlpPolicy", 
    "trial": 30, 
    "vf_coef": 0.6198903628523417
}