{
    "agent": "PPO", 
    "batch_size": 4096, 
    "clip_range": 0.3, 
    "ent_coef": 3.882959377691412e-08, 
    "gae_lambda": 0.9, 
    "gamma": 0.99, 
    "learning_rate": 0.0001772066710332057, 
    "max_grad_norm": 0.3, 
    "n_epochs": 10, 
    "n_steps": 8, 
    "objective": 1508.3821547292173, 
    "policy": "MlpPolicy", 
    "trial": 37, 
    "vf_coef": 0.8416883713350017
}