{
    "agent": "PPO", 
    "batch_size": 256, 
    "clip_range": 0.1, 
    "ent_coef": 1.2418826715954558e-08, 
    "gae_lambda": 0.99, 
    "gamma": 0.9, 
    "learning_rate": 0.00014997924668107897, 
    "max_grad_norm": 0.9, 
    "n_epochs": 10, 
    "n_steps": 2048, 
    "objective": 1251.6577581465244, 
    "policy": "MlpPolicy", 
    "trial": 4, 
    "vf_coef": 0.3215767830531412
}