{
    "agent": "PPO", 
    "batch_size": 512, 
    "clip_range": 0.3, 
    "ent_coef": 0.0001086490332296192, 
    "gae_lambda": 0.9, 
    "gamma": 0.98, 
    "learning_rate": 0.0002564451080460613, 
    "max_grad_norm": 0.6, 
    "n_epochs": 10, 
    "n_steps": 1024, 
    "objective": 1251.6741561070085, 
    "policy": "MlpPolicy", 
    "trial": 40, 
    "vf_coef": 0.9325818042603338
}