{
    "agent": "PPO", 
    "batch_size": 256, 
    "clip_range": 0.2, 
    "ent_coef": 4.122654020427812e-06, 
    "gae_lambda": 0.99, 
    "gamma": 0.99, 
    "learning_rate": 8.655739230179396e-05, 
    "max_grad_norm": 2, 
    "n_epochs": 1, 
    "n_steps": 8, 
    "objective": 1388.778837043792, 
    "policy": "MlpPolicy", 
    "trial": 46, 
    "vf_coef": 0.2692829393356676
}