{
    "agent": "PPO", 
    "batch_size": 128, 
    "clip_range": 0.3, 
    "ent_coef": 2.7848868812594974e-08, 
    "gae_lambda": 0.9, 
    "gamma": 0.9, 
    "learning_rate": 8.38947121455818e-06, 
    "max_grad_norm": 0.9, 
    "n_epochs": 10, 
    "n_steps": 32, 
    "objective": 1558.9348494261503, 
    "policy": "MlpPolicy", 
    "trial": 47, 
    "vf_coef": 0.3741080309075228
}