{
    "agent": "PPO", 
    "batch_size": 4096, 
    "clip_range": 0.2, 
    "ent_coef": 5.044879175628854e-07, 
    "gae_lambda": 1.0, 
    "gamma": 0.995, 
    "learning_rate": 4.130424966006292e-05, 
    "max_grad_norm": 0.7, 
    "n_epochs": 5, 
    "n_steps": 64, 
    "objective": 1251.6921251267195, 
    "policy": "MlpPolicy", 
    "trial": 48, 
    "vf_coef": 0.686529843831577
}