{
    "agent": "PPO", 
    "batch_size": 128, 
    "clip_range": 0.3, 
    "ent_coef": 9.481506631765123e-07, 
    "gae_lambda": 0.9, 
    "gamma": 0.9, 
    "learning_rate": 2.2287110254860373e-06, 
    "max_grad_norm": 0.9, 
    "n_epochs": 10, 
    "n_steps": 32, 
    "objective": 1500.5968845412135, 
    "policy": "MlpPolicy", 
    "trial": 53, 
    "vf_coef": 0.5411812288912022
}