{
    "agent": "PPO", 
    "batch_size": 128, 
    "clip_range": 0.3, 
    "ent_coef": 2.7859526664375384e-06, 
    "gae_lambda": 0.9, 
    "gamma": 0.9, 
    "learning_rate": 6.306143454824648e-05, 
    "max_grad_norm": 0.9, 
    "n_epochs": 10, 
    "n_steps": 32, 
    "objective": 1480.085947278887, 
    "policy": "MlpPolicy", 
    "trial": 54, 
    "vf_coef": 0.5854467173656586
}