{
    "agent": "PPO", 
    "batch_size": 1024, 
    "clip_range": 0.3, 
    "ent_coef": 2.0245094834920218e-08, 
    "gae_lambda": 0.9, 
    "gamma": 0.99, 
    "learning_rate": 1.808195687134089e-05, 
    "max_grad_norm": 0.6, 
    "n_epochs": 20, 
    "n_steps": 8, 
    "objective": 1592.698412064463, 
    "policy": "MlpPolicy", 
    "trial": 55, 
    "vf_coef": 0.41204472616643484
}