{
    "agent": "PPO", 
    "batch_size": 1024, 
    "clip_range": 0.4, 
    "ent_coef": 1.6279426157142833e-05, 
    "gae_lambda": 0.9, 
    "gamma": 0.99, 
    "learning_rate": 2.0231862421792573e-05, 
    "max_grad_norm": 0.6, 
    "n_epochs": 20, 
    "n_steps": 8, 
    "objective": 1563.6252258233726, 
    "policy": "MlpPolicy", 
    "trial": 56, 
    "vf_coef": 0.6558217822587675
}