{
    "agent": "PPO", 
    "batch_size": 8192, 
    "clip_range": 0.4, 
    "ent_coef": 0.0004776396133081415, 
    "gae_lambda": 1.0, 
    "gamma": 0.99, 
    "learning_rate": 1.2911075717954698e-05, 
    "max_grad_norm": 0.6, 
    "n_epochs": 20, 
    "n_steps": 8, 
    "objective": 1594.449541758746, 
    "policy": "MlpPolicy", 
    "trial": 61, 
    "vf_coef": 0.19454827341554945
}