{
    "agent": "PPO", 
    "batch_size": 8192, 
    "clip_range": 0.4, 
    "ent_coef": 0.0009059408215081764, 
    "gae_lambda": 1.0, 
    "gamma": 0.99, 
    "learning_rate": 1.3616084345244688e-05, 
    "max_grad_norm": 0.6, 
    "n_epochs": 20, 
    "n_steps": 8, 
    "objective": 1599.4570176526904, 
    "policy": "MlpPolicy", 
    "trial": 62, 
    "vf_coef": 0.18325982403826951
}