{
    "agent": "PPO", 
    "batch_size": 8192, 
    "clip_range": 0.4, 
    "ent_coef": 0.006256696929475323, 
    "gae_lambda": 1.0, 
    "gamma": 0.995, 
    "learning_rate": 3.936706581816444e-06, 
    "max_grad_norm": 0.6, 
    "n_epochs": 20, 
    "n_steps": 8, 
    "objective": 1559.779369853437, 
    "policy": "MlpPolicy", 
    "trial": 65, 
    "vf_coef": 0.0824552928055986
}