{
    "agent": "PPO", 
    "batch_size": 8192, 
    "clip_range": 0.4, 
    "ent_coef": 0.0006231407734590199, 
    "gae_lambda": 1.0, 
    "gamma": 0.995, 
    "learning_rate": 1.3787869035959168e-05, 
    "max_grad_norm": 0.6, 
    "n_epochs": 20, 
    "n_steps": 8, 
    "objective": 1577.3721080571413, 
    "policy": "MlpPolicy", 
    "trial": 66, 
    "vf_coef": 0.10838721989953855
}