{
    "agent": "PPO", 
    "batch_size": 8192, 
    "clip_range": 0.4, 
    "ent_coef": 0.0002570164953720255, 
    "gae_lambda": 1.0, 
    "gamma": 0.98, 
    "learning_rate": 1.4644523256855243e-05, 
    "max_grad_norm": 0.6, 
    "n_epochs": 20, 
    "n_steps": 8, 
    "objective": 1639.441033449024, 
    "policy": "MlpPolicy", 
    "trial": 70, 
    "vf_coef": 0.06605262079736178
}