{
    "agent": "PPO", 
    "batch_size": 8192, 
    "clip_range": 0.4, 
    "ent_coef": 0.0002315357413590401, 
    "gae_lambda": 1.0, 
    "gamma": 0.9999, 
    "learning_rate": 1.4993102410963816e-05, 
    "max_grad_norm": 0.6, 
    "n_epochs": 20, 
    "n_steps": 8, 
    "objective": 1597.8340106718242, 
    "policy": "MlpPolicy", 
    "trial": 72, 
    "vf_coef": 0.06750212118385207
}