{
    "agent": "PPO", 
    "batch_size": 8192, 
    "clip_range": 0.4, 
    "ent_coef": 6.396289240453014e-05, 
    "gae_lambda": 1.0, 
    "gamma": 0.98, 
    "learning_rate": 2.3396183925285762e-05, 
    "max_grad_norm": 0.6, 
    "n_epochs": 20, 
    "n_steps": 8, 
    "objective": 1494.3789553195238, 
    "policy": "MlpPolicy", 
    "trial": 73, 
    "vf_coef": 0.1263431545062777
}