{
    "agent": "PPO", 
    "batch_size": 8192, 
    "clip_range": 0.4, 
    "ent_coef": 0.002945690983054319, 
    "gae_lambda": 1.0, 
    "gamma": 0.98, 
    "learning_rate": 2.081904248453103e-05, 
    "max_grad_norm": 0.6, 
    "n_epochs": 20, 
    "n_steps": 16, 
    "objective": 1590.0434552282095, 
    "policy": "MlpPolicy", 
    "trial": 76, 
    "vf_coef": 0.0010516284660846281
}