{
    "agent": "PPO", 
    "batch_size": 512, 
    "clip_range": 0.4, 
    "ent_coef": 0.0008006547684548264, 
    "gae_lambda": 1.0, 
    "gamma": 0.98, 
    "learning_rate": 1.6753779422718712e-05, 
    "max_grad_norm": 0.7, 
    "n_epochs": 20, 
    "n_steps": 512, 
    "objective": 1251.6628338620067, 
    "policy": "MlpPolicy", 
    "trial": 79, 
    "vf_coef": 0.04336536663569404
}