{
    "agent": "PPO", 
    "batch_size": 256, 
    "clip_range": 0.4, 
    "ent_coef": 0.0457910770667431, 
    "gae_lambda": 1.0, 
    "gamma": 0.99, 
    "learning_rate": 1.1954926906731563e-05, 
    "max_grad_norm": 0.6, 
    "n_epochs": 20, 
    "n_steps": 8, 
    "objective": 1595.9637074247003, 
    "policy": "MlpPolicy", 
    "trial": 82, 
    "vf_coef": 0.19781216186921302
}