{
    "agent": "PPO", 
    "batch_size": 4096, 
    "clip_range": 0.4, 
    "ent_coef": 0.0001690961798069836, 
    "gae_lambda": 0.98, 
    "gamma": 0.99, 
    "learning_rate": 3.181217117929927e-05, 
    "max_grad_norm": 0.6, 
    "n_epochs": 1, 
    "n_steps": 8, 
    "objective": 1255.0284881070256, 
    "policy": "MlpPolicy", 
    "trial": 85, 
    "vf_coef": 0.18392681186388848
}