{
    "agent": "PPO", 
    "batch_size": 256, 
    "clip_range": 0.3, 
    "ent_coef": 0.025080699979446622, 
    "gae_lambda": 0.98, 
    "gamma": 0.9, 
    "learning_rate": 3.814987982988754e-06, 
    "max_grad_norm": 0.8, 
    "n_epochs": 5, 
    "n_steps": 512, 
    "objective": 1251.7690872140229, 
    "policy": "MlpPolicy", 
    "trial": 9, 
    "vf_coef": 0.3686371288582211
}