{
    "agent": "PPO", 
    "batch_size": 128, 
    "clip_range": 0.1, 
    "ent_coef": 0.0013270069096575608, 
    "gae_lambda": 0.99, 
    "gamma": 0.995, 
    "learning_rate": 1.5293923157206075e-05, 
    "max_grad_norm": 2, 
    "n_epochs": 1, 
    "n_steps": 128, 
    "objective": 856.5710909088452, 
    "policy": "MlpPolicy", 
    "policy_kwargs": {
        "activation_fn": "relu", 
        "net_arch": [
            400, 
            300
        ], 
        "ortho_init": false
    }, 
    "trial": 0, 
    "vf_coef": 0.11835295627753661
}