{
    "agent": "PPO", 
    "batch_size": 512, 
    "clip_range": 0.3, 
    "ent_coef": 7.008036124338184e-07, 
    "gae_lambda": 0.92, 
    "gamma": 0.95, 
    "learning_rate": 0.000837433616191932, 
    "max_grad_norm": 2, 
    "n_epochs": 20, 
    "n_steps": 2048, 
    "objective": 873.2109302918116, 
    "policy": "MlpPolicy", 
    "policy_kwargs": {
        "activation_fn": "relu", 
        "net_arch": [
            400, 
            300
        ], 
        "ortho_init": false
    }, 
    "trial": 1, 
    "vf_coef": 0.816894730791488
}