{
    "agent": "PPO", 
    "batch_size": 512, 
    "clip_range": 0.4, 
    "ent_coef": 0.023742122734150953, 
    "gae_lambda": 0.99, 
    "gamma": 0.99, 
    "learning_rate": 0.00033545259852980506, 
    "max_grad_norm": 0.5, 
    "n_epochs": 10, 
    "n_steps": 64, 
    "objective": 966.9881972445177, 
    "policy": "MlpPolicy", 
    "policy_kwargs": {
        "activation_fn": "relu", 
        "net_arch": [
            400, 
            300
        ], 
        "ortho_init": false
    }, 
    "trial": 4, 
    "vf_coef": 0.641533915715847
}