{
    "agent": "PPO", 
    "batch_size": 32, 
    "clip_range": 0.3, 
    "ent_coef": 0.0004175668329265662, 
    "gae_lambda": 0.95, 
    "gamma": 0.99, 
    "learning_rate": 3.1317597217424914e-06, 
    "max_grad_norm": 1, 
    "n_epochs": 10, 
    "n_steps": 8, 
    "objective": 803.1547160923479, 
    "policy": "MlpPolicy", 
    "policy_kwargs": {
        "activation_fn": "relu", 
        "net_arch": [
            400, 
            300
        ], 
        "ortho_init": false
    }, 
    "trial": 5, 
    "vf_coef": 0.6220673195853657
}