{
    "agent": "PPO", 
    "batch_size": 64, 
    "clip_range": 0.3, 
    "ent_coef": 1.0286213385518186e-05, 
    "gae_lambda": 0.9, 
    "gamma": 0.999, 
    "learning_rate": 9.407360016627594e-05, 
    "max_grad_norm": 0.7, 
    "n_epochs": 5, 
    "n_steps": 8, 
    "objective": 734.4283335422475, 
    "policy": "MlpPolicy", 
    "policy_kwargs": {
        "activation_fn": "relu", 
        "net_arch": [
            400, 
            300
        ], 
        "ortho_init": false
    }, 
    "trial": 6, 
    "vf_coef": 0.33255464456711237
}